name,shots on goal,ppa,goals,ppg,shp,assists,fow,hits,blocks,plus/minus,PIM
Brent Seabrook,151.86617495604426,8.08743807606731,6.8540809008908266,2.4046122031221144,0.6778549382716048,24.08828634719941,0.0,123.04841471304462,158.99185302902535,0.90625,44.53028771008014
Robert Thomas,98.39999999999999,4.92,11.069999999999999,3.6900000000000004,0.0,29.520000000000003,119.31,15.99,27.060000000000002,-2.1,17.220000000000002
Rasmus Ristolainen,191.89154495947585,19.270675772409774,6.184291531723421,1.2912000047425745,0.043248945147679324,36.773241296002645,0.5118399484837841,225.37992663263347,126.79855628054177,-30.708333333333332,44.73632145388156
Cam Atkinson,279.51587463740174,6.9463607743549325,33.56243119731435,5.799473224432653,2.335743565701372,26.878808409545183,19.967419095624223,38.53892685776003,33.31339857294905,8.807692307692308,19.98418023367715
Damon Severson,136.96679491781455,7.1057496148726464,9.537320336219919,1.3043478260869563,0.4347826086956522,22.28756524730411,0.0,94.46835711401265,74.73617430190993,-17.47826086956522,50.6271690522128
Adrian Kempe,119.24853615520284,4.168935920047032,13.810323339212227,0.4820693709582598,0.15619047619047619,18.46132863021752,289.10085831863614,88.91865961199296,19.89403880070547,0.3333333333333333,48.66201058201059
Vince Dunn,162.00046153846156,6.777615384615384,9.493076923076924,2.8037692307692312,0.0,23.60023076923077,0.5740000000000001,43.13830769230769,71.39676923076924,7.875,36.31653846153846
Tyler Seguin,318.4271435537433,13.923937926798299,34.93041758938559,10.676462095028434,0.7407407407407407,41.25627396219032,609.3055874949893,68.2680799126374,39.70771540102092,12.777777777777779,28.497054200783985
Troy Stecher,113.41627441875993,1.9604272189193481,1.7404406327355786,0.05499664654594232,1.0748401924872513,17.410047009052807,0.0,112.09988032771794,94.75561362139656,0.19047619047619047,37.49249139887085
Olli Maatta,129.24185642301316,5.565738614619211,4.419266575050158,0.7008547008547008,0.09479844367904068,19.847842083289848,0.0,123.29370890303727,135.28863592874788,5.541666666666667,22.688926289299424
Victor Hedman,199.85437595360344,21.503526362478475,14.234452031822098,2.0492837513627045,1.4988761199768228,44.976694745151455,0.3803339517625232,101.80883444698696,120.31996115039678,21.178571428571427,57.375918672371775
Melker Karlsson,89.69193199543899,0.0,11.440982910966007,0.06726825266611977,0.6085676942903365,9.147680065584241,13.874870270134132,82.07472083371495,59.76959789152388,-2.217391304347826,28.182977939466213
Nico Hischier,194.32608695652175,7.6163043478260875,21.106521739130432,2.3967391304347827,0.0,35.517391304347825,494.20000000000005,62.46739130434783,47.92717391304348,5.25,28.623913043478264
Ryan Nugent-Hopkins,198.5235313498047,12.875552969950254,27.33409432248567,6.163173032400537,2.7213987201253755,36.293785098602584,455.0632785508209,63.68277541643416,45.35655356952046,-2.769230769230769,25.82836412314341
Seth Jones,216.00183690794802,13.46724898558232,12.38132398465732,3.3260538638316417,1.450514403292181,38.99743415021193,0.0,100.43497128386018,133.40090715868496,3.4166666666666665,29.816166467277576
Anton Stralman,116.33220132456462,3.449687272285888,4.232837565167277,0.34491897215507206,0.0,20.630939998353153,0.0719298245614035,100.4197644336649,101.00313391706962,14.7,20.97385932468524
Ilya Kovalchuk,250.52725044100765,16.765582212623908,29.188004165699777,7.928982407859081,3.338774047775454,35.72925367683548,13.644219265771566,27.381312632565503,20.126611999103947,-14.333333333333334,34.92939404045648
Jonas Brodin,97.07337812378682,2.320480880520848,5.153588107354869,0.29391643914949944,0.4461971830985916,15.401548392713506,0.0,46.322768580566,141.1979123389001,4.16,29.324277306461713
Carl Soderberg,166.46026827966554,5.147194627290518,17.98048852517346,2.663579612168653,1.705974025974026,25.004596097965962,445.5561071576825,79.33459420032021,63.32187190891302,-2.84,29.594858921900023
Brady Tkachuk,259.512676056338,7.2760563380281695,26.67887323943662,4.850704225352113,0.0,27.891549295774652,88.52535211267606,211.0056338028169,31.529577464788737,-10.5,90.95070422535211
Leon Draisaitl,207.89365201321723,8.97112497112497,35.56051452790583,10.477721032068859,3.132664437012263,48.827603523255696,659.3918818484035,48.75352777526691,25.50162704510531,-2.6956521739130435,38.566402522924264
Brandon Dubinsky,124.60215753465081,2.669596106466239,10.434591374304615,0.9362973351482705,1.9883435301431744,18.424323739286123,596.0762372573588,195.95075109112238,44.46949821738434,-4.451612903225806,64.29309633024909
Joel Edmundson,135.76855962283443,0.0,5.163750172064579,0.0,0.0,11.736590638703714,0.0,152.9762059268873,151.3414928814426,3.6818181818181817,77.13864226299333
Micheal Ferland,160.7694449167682,3.796162647421229,19.438522302141084,5.934987080795569,0.0,22.393080088442197,22.227863750005756,197.68554127730008,27.263936051056945,7.173913043478261,47.03583949489129
Tomas Hertl,184.36547356722662,4.733280654744389,28.55495414529471,8.074187217873174,2.1849142418762675,31.249626506910012,556.11652924821,76.83506398357211,67.13990552967347,1.8333333333333333,28.82801482871806
Brent Burns,271.14057925375937,17.289308581898933,14.48322107315862,5.590532862898524,2.037237089509817,48.5849074514883,2.7460781358165294,87.33113814537171,101.4571201781953,-0.36363636363636365,44.781226255637094
Anze Kopitar,188.02922912674245,18.976192667214573,27.165728204436633,5.236773946799307,1.8623873902198746,47.58971637166942,886.3250503560906,63.32479037570425,58.71401271151232,2.5483870967741935,24.245367785037256
Thomas Vanek,178.43248430737202,10.244822596176567,25.8195301998242,7.463220051139114,0.1376396899783706,31.07025496757112,7.460500755012539,37.651244651564745,16.338719979224113,-4.0625,38.642559830694495
Charlie Coyle,148.42903336236668,3.1925810485810486,13.597400829400826,0.8673012059678725,0.9419079685746351,26.525174559841222,286.49725999592664,93.16294774428107,63.51718624251958,3.72,24.71266785400119
Kevin Labanc,145.9839208410637,15.30587507730365,14.241434755720471,2.9808286951144094,0.0,34.12962275819419,6.963265306122449,48.49795918367347,20.27656153370439,-2.9047619047619047,34.932343846629564
Leo Komarov,105.29233015084002,0.9198043132202979,8.05047782840272,1.2940701895925777,0.7613626505658283,16.889470812376445,101.25941195855737,237.89079894255633,44.785763624894585,7.208333333333333,37.60075192291129
Mikko Koivu,171.62374674757814,14.853413348805724,15.108797606014432,3.8442776629372792,1.639575649687666,36.83652480507748,794.0905820935828,40.20329427050097,46.847361281714115,4.09375,44.163944945035
Alexander Kerfoot,108.16295034079845,13.16231742940604,18.632643622200586,4.932375851996105,0.0,27.980404089581302,264.02882181110033,35.02964946445959,35.07855404089581,-8.4,36.23130477117819
Brady Skjei,138.8670954045954,3.053409090909091,5.873980186480186,0.0,0.9324009324009324,19.253088578088576,0.47785547785547783,155.49155427905427,120.02762654012653,-13.545454545454545,42.83960206460206
Jakob Silfverberg,195.23646299426255,6.54576164081077,21.6205791114438,2.7682194382009424,2.5973809057379373,22.661722075831378,17.74213937067905,50.90880638124438,53.18298034715265,0.56,24.907509060951057
Artturi Lehkonen,189.28834331574055,0.6986103698432466,13.300480341576236,1.88187155310443,0.6451204807369192,15.383383739548123,8.995868667101544,102.99990116428472,33.51617940659037,-0.5238095238095238,27.49862618355769
Calle Jarnkrok,117.61378206720826,2.3511078247520296,14.564366012409366,1.1458457816631888,1.6522868632676693,20.232770388283544,270.08370934018325,47.8977763752832,29.43482851594873,14.125,14.834316880792436
Brendan Perlini,141.55679474255325,4.4514917394174365,17.96867898415886,3.9923258065672926,0.0,11.358856866596806,3.281086925049774,75.95956106482423,31.601420084392227,-9.238095238095237,32.22329804373149
Sidney Crosby,251.62870368710006,24.887610186454364,35.429811516983264,11.122347438409893,0.9510414669438632,66.60681287459454,946.6973849607123,72.08149759868691,37.29783511239682,10.78125,48.049276038894604
Lars Eller,154.22129875096564,2.5732630719920073,15.356207416655042,1.7919997866337987,1.4212269658321497,19.713341304753104,464.09620540640407,79.85802136972303,53.367315339122605,-3.142857142857143,42.4502713706464
Sean Couturier,208.84453529562222,7.209159801551106,28.035999628390933,5.984737484737486,0.8432262182262182,39.79079676362285,637.7586453401672,58.4566978914805,49.838683056074366,15.192307692307692,32.47241526589353
Alexander Radulov,219.85348208484174,15.710056149246572,29.410506638896628,7.038721538607321,0.0,45.23915196459512,5.6983082706766925,67.40094062316284,72.43843984962406,12.458333333333334,63.906929988938394
Evgeny Kuznetsov,192.61140526413766,18.47701422091155,23.815737506694887,7.128084055074394,0.633469843633656,53.5050065479223,428.2598042481482,50.964284880341204,23.236872926219117,6.375,48.71844619926585
Brendan Gallagher,279.71618080702194,5.403199659064438,30.13591359083497,5.952044528090125,0.4,21.85332774813121,49.69971502234081,99.33614750757047,36.99369758909853,0.88,43.34008240158398
Alexander Wennberg,84.72294065417883,5.118707058351782,6.474625297790537,2.2891455980914452,1.9662714097496705,30.06062240328336,414.54636021619507,38.56662100825895,47.29187785786252,8.652173913043478,14.379223149992082
Patrick Marleau,195.14129209056952,8.796733316925554,24.6096051091426,6.589273503271437,0.5714349977507872,25.783645495416426,126.4108143880411,61.74127997508565,24.295819059483026,-1.4871794871794872,23.741052923103638
Johnny Gaudreau,227.6018035044538,19.492136954992965,31.84330168776371,4.572225152367558,0.0,57.69979195968119,1.0583728902953586,13.982805907172997,14.937466303328645,8.708333333333334,22.756877051101732
Niklas Kronwall,90.11268678811659,10.939699384059992,5.074119473755909,2.0791931910718437,0.2998881217235647,26.49559360648781,0.06212121212121212,85.71061230318583,102.00881120671905,-5.333333333333333,45.11174561707477
Jason Spezza,167.15136173661156,13.362606873615182,16.685907131517737,5.958658616776981,0.1757712997685976,31.744764922315856,506.0517145459771,15.441481158957908,25.15483975243947,-6.382352941176471,30.883250401296912
Dustin Brown,212.94243964896302,5.364674777209174,23.80902768331444,8.429960057687387,1.3073851046073268,29.01655074283156,10.247129511596277,191.23997312997037,27.22948196360873,2.9393939393939394,45.79440249680759
Connor Brown,104.90259740259741,2.688311688311688,11.441558441558444,1.0779220779220777,2.3961038961038956,19.298701298701303,36.0,29.168831168831172,32.701298701298704,5.045454545454546,15.90909090909091
Anders Lee,201.95760806899403,6.091627030539311,33.25255567369602,10.806415736310473,0.0,22.665869750132913,34.91670559395121,110.13898611849488,43.07755088900703,-1.36,48.670137574576174
Drake Caggiula,134.81945467467855,0.19523809523809527,16.551439770842755,1.8785595830371948,1.3578363593288965,12.604998815446578,25.38439620081411,187.82849604789905,38.927791777045506,-8.428571428571429,42.48366823889212
Conor Sheary,150.97138700025474,1.61082612483318,17.18083716135462,2.977240923287821,0.0,17.306006828413402,11.051191520409011,30.582845686889343,30.312734607981646,-6.2272727272727275,12.474280723144124
Eric Staal,244.04713169310617,9.309646302583529,30.79136473250305,8.93548728517961,1.940396108293436,35.53092245210395,576.9820373597772,46.19394789156417,33.33856786115657,-0.9090909090909091,46.501521680640074
Jesperi Kotkaniemi,146.04303797468353,4.359493670886076,11.98860759493671,1.089873417721519,0.0,25.06708860759494,391.2645569620253,71.93164556962026,44.68481012658228,1.05,28.336708860759494
Tom Wilson,139.11779092935808,1.5643569393569394,18.976008996531384,1.6686507936507935,1.5643569393569394,21.081891367339125,27.238691311452506,257.1364689069913,56.13968238781671,9.25,178.72652685898956
Brock Nelson,161.35442386831278,4.860082304526749,21.771347736625515,3.2277520576131686,0.4588477366255144,21.464506172839506,455.83731995884773,54.31764403292181,52.68698559670783,6.125,33.93672839506173
Andy Greene,95.04285338801662,2.203990427603949,4.149586963843302,0.651906371692665,1.5610280688875546,16.10094942340923,0.0,69.88603369612704,173.7361123560777,-5.870967741935484,20.762228239033945
Jimmy Vesey,147.1218054904412,2.581184001964593,17.378783887363355,1.2203906488364997,0.0,14.651163686290268,11.368278897744439,82.23200351245359,35.00161539377433,-12.047619047619047,21.277977585783493
Zemgus Girgensons,113.84182468215486,0.21615485261294543,7.6276132600093565,0.10413299468944816,1.2762152147859838,12.481586730461702,73.6802160015344,159.2705476025552,37.88957136565599,-10.791666666666666,24.444914590762544
Gustav Nyquist,200.28180250548672,7.13682824647737,20.987749742135705,3.155245664017594,0.0,28.223867101060076,7.2151565134021265,47.12611949454055,26.75925471539507,-0.19230769230769232,17.183201788464945
Justin Braun,113.97895896969973,0.6802046718713386,3.455767689101022,0.29998396665063326,0.07498856881572931,20.35306585275721,0.0,124.68612652779319,135.20656526829367,-1.4444444444444444,31.085654035036747
Andrew Cogliano,141.33557692307693,0.6333333333333333,11.309508547008544,0.617094017094017,2.180555555555556,18.249145299145297,60.935256410256414,79.04017094017095,33.33867521367521,6.966666666666667,30.25940170940171
Nick Ritchie,132.8935354916216,5.377752231819218,11.398796578222417,1.7812610037490422,0.0,22.907568508046978,5.7340044325690265,207.25470701547255,34.7904264794217,4.181818181818182,93.43064272250876
Brian Boyle,141.41749455855887,1.8635213683138157,16.65246590219141,4.949610719273864,1.1541216053833212,9.295752878569742,359.95890099046994,163.59353630141786,46.97543364745278,-8.333333333333334,53.97175204244705
Ryan McDonagh,131.14887388712597,6.768608203601401,7.360738608417145,0.8119274920569751,2.176789096119978,32.9312314296668,0.07864028411973617,97.6011415927811,178.39138599126395,22.0,31.254859131938225
Connor Murphy,118.99933149843027,0.0876068376068376,4.837047819600091,0.0438034188034188,0.044372294372294376,12.736202302063877,0.0,168.23621727547467,127.54024316426984,2.5,48.77109866421331
Adam Henrique,143.35022892140174,5.857695753313037,20.630947893540487,6.396077619225768,2.4621214311955053,23.738681342878877,518.2644928438137,68.07487836882898,67.54196714591777,1.962962962962963,22.27818601590206
Frans Nielsen,141.25519017790634,7.6299030492083775,14.246350462756743,2.4088255556856257,2.2175142574522693,24.512621485886147,496.1268235931328,57.97461237476816,57.53086925151377,-2.4193548387096775,14.78341724240993
Tanner Pearson,161.46122651697812,2.404206223628692,16.997424653405666,2.547222096644565,0.08541666666666667,16.89487467349809,18.451904259594134,121.3191204540888,37.266981992163956,-0.3333333333333333,25.492994901547117
Alex Killorn,156.96649150262195,4.829470389588995,16.513464569090957,2.1359697626957326,0.967678664580073,26.399559252853052,16.49746186017993,84.39088231794928,25.252791917195182,18.2,45.845840631835195
T.J. Brodie,109.8369080716194,7.143586425064463,6.410717915600877,1.1304956268591426,0.732753050865256,27.650445527988424,0.0,29.000734789487666,105.53657344254755,4.592592592592593,23.588595401604397
Adam Lowry,116.90841744754789,1.0998792270531401,13.302755682103507,1.0096618357487923,1.4592809364548496,16.952651983086763,656.5433562324866,229.9785107013368,50.75389637128768,6.217391304347826,28.28611236654715
Tyler Myers,146.60318547433474,9.321269360430616,8.455049208352033,1.7474247309180293,1.5138461528824254,25.252905029862227,0.0,88.4951163681506,113.68374092511503,6.75,59.2377539072876
Alex Chiasson,111.55201473786693,3.646299729375974,19.376893164826416,5.064579308005386,2.6379940155794004,14.799253270838882,14.600754592669462,88.03835937406917,34.11602539391156,-1.08,36.60730969325488
Austin Wagner,93.04354838709678,0.0,16.664516129032258,0.0,0.0,12.498387096774195,2.77741935483871,197.1967741935484,12.498387096774195,2.1,22.21935483870968
Zach Parise,257.23812886901015,6.592170093450716,30.273845512474043,8.054061711907165,1.1065854411625555,29.186430908554666,12.640822541111348,58.38944770385613,62.06701043834518,2.0,29.95758638013532
Ivan Provorov,173.38095238095238,2.6190476190476186,11.714285714285714,0.9523809523809523,0.0,21.61904761904762,0.0,134.33333333333334,159.33333333333334,0.14285714285714285,26.38095238095238
Jakub Voracek,217.34732434401388,19.765242400752555,20.13419019864068,4.722090313973482,0.0,51.467203372419085,11.376691087972775,27.702809470747592,28.220569971034465,-2.4827586206896552,39.75893532032328
Craig Smith,222.17261971388703,4.712009194476012,22.730707122074417,6.32710035399268,0.0,22.199777031876145,45.603867245317815,72.7379644917056,32.175005224337724,12.615384615384615,25.95064216348745
Shea Weber,227.29155743760677,7.697025782153387,18.430297940699262,7.425307914204115,1.3096506214913388,29.124429845098017,0.0,178.46812674176545,149.1143492358357,4.3125,50.008735188128284
Artemi Panarin,213.33430880535312,13.212970776683857,28.44164748753356,6.833758115614656,0.0,57.2895539430877,0.5627157652474108,16.696286706729744,18.052335237039877,18.0,25.261093352654534
Chris Kreider,192.4717797221067,5.673407687525627,24.76109026142855,7.920126558469902,0.0,26.008718175434723,26.54089497771252,156.4167971142162,39.04604180130878,2.92,61.53504999675077
Sebastian Aho,226.02686202686203,14.528693528693529,29.946275946275946,5.719169719169718,2.4761904761904763,44.45054945054945,318.42857142857144,65.92063492063492,25.367521367521373,13.761904761904763,25.633699633699635
Carl Hagelin,161.82225745058267,0.0,10.22006697263787,0.10416666666666666,1.0900986447776067,21.09791202636737,12.609328808387245,98.2311838614752,33.237529880105136,8.653846153846153,35.365924191937005
John Tavares,268.2132004785041,14.124455091437003,39.600036459642766,10.773176286900542,1.1832096474953617,43.48711503674704,838.5520840962529,43.410043835428674,39.201764696491075,1.4285714285714286,32.70614746368149
Zdeno Chara,158.68883938038917,4.245764813287522,9.008855760582192,2.9083229318623216,1.260677123659523,19.621437717983444,0.08593813593813594,111.02351379678609,93.12179262335331,16.871794871794872,90.11096738115175
Mikael Granlund,188.81451112192732,14.621006022832779,18.206685278723008,4.279781702904066,2.3102771333994965,42.295533197211036,161.06965560771468,50.651898500183435,45.57847818563132,2.84,21.757006952122364
Dmitry Orlov,106.02770370370371,2.4500740740740743,6.106222222222222,0.04,0.0,22.736592592592594,0.0,126.99955555555555,103.14192592592592,6.92,27.218074074074075
Kris Russell,90.42072979971486,2.73018315085731,4.182885997388208,0.4860368793717373,0.45726863043543137,17.126457064919954,0.0,92.37551830552154,206.3850460863152,-0.7666666666666667,21.96344661633257
Brenden Dillon,100.0420396611186,0.0,3.0048026940570796,0.0,0.5423076923076923,16.458643224871295,0.0,201.06915454590893,104.14722534612885,4.730769230769231,62.38771554955765
Trevor van Riemsdyk,109.05796322870698,0.08695652173913045,3.1628985896535666,0.0,0.04347826086956522,12.247174530229204,0.0,34.537295779244424,105.24786778957163,2.6956521739130435,17.123228389051175
Max Domi,174.4558009473264,7.812589168521373,18.215031672658796,2.4739485247959827,0.04601571268237934,39.76021990146285,288.50891209648273,49.69704578744127,32.93159466605794,5.636363636363637,75.38555041944872
Evgeni Malkin,254.52245133166937,23.215154712091998,35.48414360364029,13.010021153193005,0.182956186807896,59.301794747714084,430.1198534471297,52.819866386936155,33.71734795686036,-0.4838709677419355,93.86487698335637
Elias Lindholm,167.09977206612743,10.087346565914574,20.365434759472116,6.9097576983113385,2.346322016460905,37.738017950901096,433.6451016389953,92.76601301972471,39.92723410671208,6.583333333333333,18.614233006953313
Jake Guentzel,197.4309523809524,4.957142857142857,31.085714285714282,6.288095238095238,0.47619047619047616,31.183333333333334,36.49523809523809,123.57380952380952,46.042857142857144,2.238095238095238,33.357142857142854
Jamie Benn,222.86492856184924,8.957209198533958,31.57597554182863,8.442278829085176,1.478119159358771,37.100688862455115,299.4801447212217,143.33802049074845,64.03469911547361,12.75,58.646857666796144
Pierre-Luc Dubois,177.97500000000002,8.4,24.675000000000004,4.2,0.0,32.550000000000004,480.90000000000003,127.05,51.45000000000001,12.600000000000001,59.324999999999996
Artem Anisimov,145.92622882567503,2.369715692991555,18.642944025988186,5.509381604460173,1.1708581011650996,18.529826973826136,395.59102152677013,28.409804355386708,40.18316753842452,-6.0,20.593775402230587
Steven Stamkos,239.63452381006684,17.929125222832056,39.4281403683893,16.877346147167955,0.9107248762421175,51.52011758283102,496.47381228181416,76.65303458909193,36.09788721390065,7.862068965517241,55.06757215076213
Patrik Laine,242.34050880626225,9.315068493150685,37.163731245923024,17.148075668623612,0.0,23.40247879973907,10.476190476190476,72.85061969993475,43.193737769080236,-7.285714285714286,32.81930854533594
Ryan Strome,135.41509715812293,3.9458609286295205,15.823240877129424,3.07928245316828,0.4588477366255144,19.710941021990894,308.3881173307757,63.15976284510678,25.84723404768312,-2.7083333333333335,46.795227969345135
Matt Niskanen,140.40118766504062,3.00131162297829,7.383328369021179,0.8590294396961063,0.8120035193564606,22.650992016256723,0.0,144.68489340324308,115.9254674969446,9.533333333333333,42.559881128920345
Colin Wilson,122.75530585803345,4.89857684177012,13.186142760846893,3.8636202538837345,0.0,19.94743698262781,62.06235017750949,59.422746666816174,34.8266663713206,-2.607142857142857,12.29767122019748
Roman Josi,254.3636368617138,11.976966907736138,14.51243060121265,4.627638067061144,1.0436134852801517,39.881440390094234,0.0,66.19194700124187,143.7104655197604,13.115384615384615,31.884440061363136
Nicklas Backstrom,171.47789257655924,21.779920180642407,21.604269680936344,6.8712026882582435,0.06883116883116883,54.79320720431833,701.5151572871572,52.35752095024317,44.43633758217092,6.1,39.60534081556304
Joe Thornton,135.04378136526105,18.476020647132938,20.884085260104058,7.5199821538628235,0.3194198571132467,47.69355869832889,361.5203229430686,34.44139143337157,19.886207113013324,5.0256410256410255,54.86638032427049
Alex DeBrincat,210.52500000000003,8.925,36.225,9.975,0.0,30.975,21.525000000000002,39.375,26.775000000000002,3.1500000000000004,11.025
Drew Doughty,178.14707771558952,16.002430069202603,9.598436768581958,5.071009357987579,0.8638373121131742,39.89499977068036,0.034482758620689655,147.85332463463135,116.76470848839271,-1.3793103448275863,52.424908615168754
Andreas Athanasiou,207.50527531541243,5.148096864680908,25.067335857574,2.054498492149067,0.10073710073710074,21.839101257779447,147.0041391623698,32.243132083916926,29.479208054970194,-11.181818181818182,29.170218794338513
Marc-Edouard Vlasic,128.9999440818607,2.836876949312152,6.631809958358064,0.6764675056616558,0.6032770436943122,22.02902844647729,0.0,32.346103090962664,143.8221697961804,5.129032258064516,27.580854416473702
Tyler Bozak,150.18387578629856,8.24969828729944,14.992932006785434,3.7838534070721686,0.26141748108333307,31.04560633962853,655.3143571258198,62.82880833965674,35.248718106770916,-1.9285714285714286,24.827362427443248
Milan Lucic,121.05665306933632,4.089740584716338,12.030889915864478,2.8500960800152075,0.0,22.699666437461243,24.622456137215234,250.62685893658625,24.445359400688634,-3.1,92.25308786282805
Miro Heiskanen,191.10000000000005,6.3,12.6,2.1,1.05,22.05,0.0,35.7,74.55,-14.700000000000001,16.8
Mika Zibanejad,221.36883674564834,9.47457132239741,27.01693917998266,11.186486111848431,1.2851377018043684,31.275833908442603,711.4443290539306,120.13636570756137,62.097370128529555,-13.538461538461538,28.573963476137386
James Neal,224.2247457025685,6.242017477605474,22.906535864184615,5.7369654569343,0.07250221043324491,21.656201615255764,4.767324471452664,78.13321789304395,29.453631330983637,-3.9310344827586206,42.28980978412447
Trevor Daley,104.74486182595322,1.788802941922256,6.845553003838719,0.6925943941415726,1.8331732256212352,12.831822632299563,0.030303030303030304,27.863517285850033,104.98216004801971,-1.7575757575757576,38.734090311757846
Justin Schultz,136.23286242223023,13.61393452755522,6.334675198123473,1.6789729706971086,0.0,32.33275448683494,0.04049382716049383,55.725417466854246,115.1686472243369,7.04,15.817568064464616
Jordan Eberle,183.06313167806726,7.2508803541143845,23.703876968342882,5.552573048708314,0.12599302200751475,28.8043963034838,10.392805770798258,42.84264282863317,32.822118538704686,-2.1481481481481484,19.655022227727542
Braydon Coburn,103.66575379543265,1.0896572232881756,3.2507217555675822,0.3442882913493032,0.2867491690408357,17.131949407825825,0.0,102.42162608590662,83.77565666411961,3.34375,50.170076611348755
Patrice Bergeron,257.7688988957891,15.514267609880335,33.046265684755106,10.253216003702471,4.7687306829129845,45.52053797162321,898.666656269816,53.19412491520041,55.75138658482516,17.393939393939394,33.36670707853267
Justin Williams,215.84250332078005,7.67385019963529,19.696801076076564,4.954107334745027,0.36370370370370375,31.946545587007854,45.02047584944138,51.21189093381463,29.34975884998852,-0.25,50.326714424372724
Nolan Patrick,143.65562214611876,2.3670947488584475,15.43935502283105,3.546546803652968,0.0,20.787842465753425,460.3057363013699,71.3568493150685,26.75062785388128,-3.6750000000000003,33.83553082191781
Luke Schenn,91.06447701394319,0.03579223046704496,1.608804763179945,0.07966611932129172,0.10606721955477957,9.071133284411061,0.039272030651340994,293.2703945009001,131.05065955044657,-8.724137931034482,52.2136309460499
Jake Debrusk,186.70676470588234,6.204264705882354,26.93338235294118,6.294705882352941,0.0,26.10132352941177,13.059705882352944,71.5389705882353,31.18411764705883,7.875,23.08058823529412
Derek Forbort,80.05723905723906,0.0,1.7553125886459218,0.0,0.045454545454545456,14.63893513893514,0.045454545454545456,126.74989824989825,147.59820426487093,2.590909090909091,54.323608490275156
Kevin Hayes,176.740648304274,5.552731328736548,23.464903577243668,4.548503283991525,2.818149606732886,30.747812950174477,544.2830025951265,54.954916767062414,28.354586634017817,0.8260869565217391,17.660774425541167
Jonathan Drouin,176.61563302174778,15.378823908464565,15.850329724540565,3.7648542488328074,0.0,34.692318956126776,229.97914786042642,58.02410900080149,24.611668955167065,-16.043478260869566,28.526548600481505
Brandon Sutter,144.7835045526604,0.6737654320987655,14.543669045398836,2.020930346792416,3.467103116509561,13.699730802246348,691.4357461869691,81.47748954372472,45.41202583589808,-1.6896551724137931,14.654108973956344
Sam Reinhart,176.66776738213173,10.016510731975785,22.239955971381395,6.854155200880573,0.0,32.17269002629487,51.65070629242341,40.70078884608329,43.65486455084694,-15.652173913043478,19.775209441692652
Radek Faksa,119.83059497932916,1.096324354657688,15.896302689340665,0.46015712682379345,1.8639276023242268,16.009470762477093,568.4198813024764,103.73009756496043,61.95335670346219,8.318181818181818,46.2803685590078
Alexander Edler,186.4463309557891,15.268498433276225,10.25633204455835,3.9348933173166665,0.5046082949308756,30.85425204640375,0.66676711544833,157.52718470590088,199.75126392636082,-5.67741935483871,68.86952038916385
Logan Couture,217.41715985507344,11.19806291677932,30.563780114025036,8.358891416144754,2.2754696417653038,34.35433448593656,281.6308780894397,50.81448920843161,65.55984107361607,-0.75,20.702349885577156
Nick Jensen,102.16402716289339,0.4820693709582598,1.2949465500485908,0.0,0.5677842565597667,16.733956016268944,0.0,78.63363087739503,98.13468967834046,-2.238095238095238,24.22214123744736
Mitch Marner,212.25850340136054,18.48113790970934,23.820655534941253,5.440940012368583,1.4285714285714286,56.8917748917749,27.852813852813853,30.65058750773036,34.358688930117495,10.0,24.78416821273964
Alex Pietrangelo,194.27024910268045,11.855622138457804,13.33212885103832,3.110758899346692,0.9652672707356585,34.832688832495265,0.0,57.51870612527603,154.96246901717348,5.379310344827586,25.58456865857911
Nikolaj Ehlers,217.90326653633102,6.413693385467579,27.719330400782006,4.818507657217335,0.0,26.673061257738677,2.8739002932551316,37.414752362333004,24.45841479309221,7.454545454545454,23.650171065493648
Michael Raffl,97.85217221821354,0.04166666666666667,11.494408835200042,0.5932181199266824,0.5609452736318408,12.122722449908114,31.10083979661113,115.4687572200915,44.68536233455253,3.75,34.610923413416366
Auston Matthews,275.1900243968555,10.25128761181892,44.564470949670174,10.420710219571701,0.0,40.317430197885606,534.1723140869252,27.15523628806361,75.77636215776633,7.714285714285714,15.115026655823621
Dylan Larkin,264.79790669856465,7.245035885167464,24.830143540669855,4.306877990430622,2.8815191387559804,43.195155502392346,733.4463516746412,79.9299043062201,39.91704545454546,-7.590909090909091,67.81752392344497
Dmitry Kulikov,74.53368473253897,1.9699066473971245,2.8244630190881748,0.5317338121718829,0.07627261965161508,12.029711335072045,0.0,115.70579061208231,105.18193987622631,1.2857142857142858,49.4110550726968
Jeff Skinner,272.62490377739306,6.897546024809872,31.321945292491144,6.263581228095105,0.0,24.1596744155281,77.56113012891737,35.484761604190204,22.843588482013708,-12.555555555555555,36.30194362126674
Justin Faulk,216.14668445589498,10.052472012636487,10.635617715617716,4.986333271991166,0.201417004048583,24.578279888970677,0.0,143.97658623175073,107.20206255367438,-9.73076923076923,45.992112700895596
Brandon Montour,171.51675485008818,5.942239858906524,8.491622574955908,2.9166666666666665,0.9761904761904762,24.661816578483247,0.0,97.03703703703702,101.60185185185185,-1.380952380952381,49.191358024691354
Danny DeKeyser,88.80357342657344,0.3973846153846154,6.961794871794873,0.05046153846153846,0.05046153846153846,15.759797202797202,0.0,104.8292261072261,145.8138927738928,1.8,45.731696969696976
Jeff Petry,162.89712001024117,10.310378832874134,10.758800834465621,3.587311587398883,0.6512275850511144,27.584724084771086,0.05954974582425563,172.84574555576432,130.70882243893928,-15.592592592592593,29.54277977397102
Jack Eichel,309.6890499313777,19.62400814268896,30.032298127900596,6.520573249462337,1.1126187245590229,51.324276607584366,519.4641947155683,66.37973362599858,47.44695065342202,-17.681818181818183,32.744103788998544
Bryan Little,140.48603376258907,6.7732954109699275,17.621724445952843,4.032284338271647,1.1367301700196437,27.833197787467796,627.4920494743429,54.885314568855335,29.610962638991154,-3.6333333333333333,27.20215620465178
Ryan O'Reilly,217.44569856822872,11.447809569062807,24.04950614887882,9.14913418341559,2.8631229317849036,40.5014960898015,1055.5415242750903,36.35823964532076,43.46864503368167,-1.4285714285714286,8.3691315720193
Patrick Kane,294.9881920897495,18.8840489894475,34.542412518211435,7.931987600576416,0.03333333333333333,55.86827016869979,13.032360130278953,20.531441187022672,16.3296999793475,-3.3666666666666667,28.15877004909329
Vladimir Tarasenko,292.24560902255644,10.128895078605606,34.31498547505127,9.346923957621327,0.0,35.07974333561176,2.5251315789473683,82.6884063568011,36.65337166780588,11.36,21.465414217361584
Travis Hamonic,138.77516416265175,0.8869344142749997,4.7521734567701035,0.2846645489405625,1.4748880289047033,14.987365286107131,0.0,92.96061945352294,166.9641043942417,4.185185185185185,68.62549410732048
Nikita Zaitsev,74.41740152851266,0.5238095238095238,4.890652557319225,0.047619047619047616,0.047619047619047616,12.032921810699587,0.0,148.92827748383303,166.47501469723696,3.7142857142857144,30.661375661375665
Gabriel Landeskog,230.29612573138917,12.394761342223584,29.9586913600261,8.675416823026588,0.9140401051939513,39.47651312372599,248.4393704474245,153.59378082291852,62.70935632249471,12.884615384615385,52.30345525904711
Travis Konecny,179.41199294532626,2.924682959603594,23.611841773746534,2.554178214495675,0.0,23.94065675652977,6.707818930041153,82.8450827244478,48.42858822541363,6.095238095238095,43.95614344503233
Jaccob Slavin,145.83333333333331,1.782106782106782,7.618326118326118,2.727272727272727,1.15007215007215,22.83766233766234,0.0,57.1984126984127,144.81313131313132,1.5454545454545454,13.746031746031745
Josh Bailey,139.37929953645397,15.551295703875232,16.61416962607374,3.425487287568769,0.6107783926040893,41.282586391861656,103.9715178710267,28.640828601369027,36.24428868926736,-5.241379310344827,20.622125289947085
Matt Benning,116.15477317749901,1.7535809728221823,6.18744908480405,0.0629800307219662,1.0927220203149752,15.473121285633122,0.0,147.49343926700155,80.8039956592447,8.0,46.4446298183436
Nick Foligno,153.03493746698712,3.787355097958097,17.862802640764762,2.9730142173389433,0.0,21.63338355329142,195.22407484892864,187.07722586669513,55.466346168646446,3.933333333333333,57.697919296501844
Brett Howden,96.53636363636363,2.6090909090909093,7.827272727272728,0.0,0.0,22.177272727272726,460.50454545454545,83.4909090909091,61.31363636363637,-16.8,18.263636363636365
T.J. Oshie,161.0193744466102,10.357380859638383,24.29975010759884,7.676875698500501,1.194451671318139,33.70304594772157,94.43351908189791,137.8342583175071,60.52823671664329,6.379310344827586,39.67695434601511
Ryan Dzingel,148.66223710654089,4.846390989850906,24.292743184304364,4.322519799313048,0.04601571268237934,24.401921847491465,30.622350083109573,64.08880277403483,28.586134634235897,-11.318181818181818,33.1181805067881
Tomas Tatar,179.25811282831827,4.099689081424241,22.314809936385284,6.111098101965682,0.0,22.564566014908483,6.782119580064785,73.53567920748287,27.037144362486824,1.3846153846153846,31.489121102134806
Boone Jenner,193.96292582119196,2.0660077154028773,16.772984064919548,2.1400789771757514,0.5687229437229439,21.374412229049327,427.49960996291634,202.62678096246648,79.6270935158032,2.9166666666666665,45.23602761485826
Jason Pominville,184.68029116557307,5.47759157149453,18.892483583476235,3.757716414633379,0.507429136507662,23.558347842874376,35.572245804003316,29.22105729627735,30.59936608875111,-4.393939393939394,10.0215915072262
Claude Giroux,206.5456298331298,22.42911065272176,25.367826360881917,5.967496803607914,0.7980255855255857,58.46851959768626,678.4880812603034,46.05275028469473,27.49111665083888,12.3,26.06540589040589
David Backes,188.40281921380304,5.80066558563674,16.969146868918603,3.764948652000525,0.7784604170696238,23.737406583924113,278.60263652714383,196.96184664548926,41.64212702157728,2.806451612903226,73.42856680714638
Drew Stafford,148.40022954499955,2.707359197901904,13.235212995084552,4.103482600704488,0.2073942610869606,15.543139198014375,41.22184313392762,84.03799386903039,21.100881095115184,-9.709677419354838,28.681086044093615
Aaron Ekblad,188.03285339900856,5.574680064023627,14.346791410730031,4.9587586799863015,0.05242966751918158,22.72499836054823,0.0,92.95325497968295,100.33817396647748,4.6521739130434785,57.62777401311076
Blake Comeau,123.60306065979854,1.0110871137241155,11.217353576693862,0.45746514749892125,1.3749429718365405,16.66672566241228,63.348187477153395,174.20773123195227,34.64273392747194,-3.032258064516129,47.71768996339769
Mikkel Boedker,118.04819356405245,5.501379711092213,12.72922386614118,3.0411085049258926,0.034908471690080885,26.720164428533472,5.39076254225051,67.12703982118771,26.474204032522366,-9.551724137931034,11.253197666015616
Chris Kunitz,116.2975920960882,3.068912530462661,14.910115290106228,2.700589114886436,0.5885261330320619,19.167965916158092,5.740276855507329,138.29248978726574,23.649252862313045,5.848484848484849,45.57696188964852
Thomas Hickey,97.08553239185359,0.1694736842105263,3.191952746412529,0.0,0.9409876543209877,15.894795637796056,0.04049382716049383,86.09584554942937,134.45638955958682,10.4,44.65197876115029
Connor McDavid,259.33682983682985,20.288733488733488,40.91732711732711,6.95827505827506,2.8648018648018647,72.12602952602953,411.8736596736597,33.903030303030306,37.39121989121989,11.636363636363637,24.048018648018648
Jay Bouwmeester,113.14996563939488,3.4786245848699258,4.9118730901962335,0.7612814629397858,0.23040070580028316,17.488591703116178,0.08823529411764705,60.96365125125035,114.11203023671735,-0.14705882352941177,40.801759508573696
David Perron,159.6737791636301,12.20739373426522,24.582776218037235,5.170327521058116,0.5042825011246065,39.342567281761745,47.45145245560714,103.21938371339616,20.110841550097888,1.3666666666666667,63.50592796946547
Alex Iafallo,151.746,3.2480000000000007,13.041,1.05,0.0,18.634,11.711000000000002,76.097,47.29200000000001,-3.6750000000000003,18.438000000000002
J.T. Miller,130.76870733863836,10.478705570291778,17.79115826702034,6.5485906277630415,0.16,32.384813439434126,313.11900265251984,126.66633421750662,29.574627763041555,2.36,36.07792042440318
Ben Hutton,136.51001292578033,5.823697783148057,3.013103230714988,0.645178051179276,1.1512127691742804,13.696619152483748,0.0,58.653403045543826,107.18309737471893,-16.5,39.60474109957049
Noah Hanifin,142.6192942079018,5.39170182841069,7.4203977183935,1.0769278580460016,0.9318181818181819,25.42484621176604,0.0,84.53443187145717,78.2643541604512,-2.409090909090909,17.733232465299977
Zach Hyman,158.57834507042256,0.0,19.22887323943662,0.0,1.615877080665813,23.14708706786172,92.25664212548014,118.9046895006402,49.291933418693986,17.363636363636363,56.497919334186946
Victor Rask,126.17041003786696,6.211498181636402,11.334531412074933,2.494442743417024,0.04347826086956522,16.346573540622618,407.84459958508813,65.4040910056613,27.84764799980004,-3.0434782608695654,14.324743492007947
Ryan Kesler,152.3765457338656,3.985653746878052,14.86202523985059,4.213392444836446,0.6460550580420161,15.48392712945275,718.0208363141041,116.8470672052315,66.89661545008404,-5.96969696969697,72.98296802655148
Ryan Getzlaf,174.9565650616891,17.470355069718448,18.885582033452877,3.203577043252024,1.3893964987714986,56.62905401812021,596.0061759449975,148.59537369091163,77.18868186226706,4.84375,67.16880331887121
Par Lindholm,86.10000000000001,0.0,1.3246153846153845,0.0,0.0,15.895384615384616,270.2215384615385,76.82769230769232,72.85384615384616,5.25,23.843076923076925
Andrew Ladd,141.7852907155191,2.1751833501967583,15.5474973228917,1.797701248105343,2.0096877479868347,23.362345983613796,7.380486701459162,105.95949859559306,33.47933039895796,5.125,42.26853939272973
Ron Hainsey,89.03147430471691,1.8427064377471136,4.397939805292747,0.9228102416827907,1.1512178090609464,18.05821909938514,0.32752360203340597,75.61307960415178,136.85328806069316,10.205882352941176,26.07067263921665
Matt Duchene,195.78729932578744,7.284576837040752,29.240849457071498,7.169824154034381,0.1364986283932586,37.13158513302508,695.3222682962796,48.65315515401231,48.75809130175868,-11.107142857142858,15.312488542726317
Alex Ovechkin,369.19471548288794,14.026791154642552,50.156509768653756,18.17297840633152,0.16019668037073098,39.86185688944787,2.608716844278553,185.3500801469881,29.488948938085283,5.75,43.476752395957305
Matt Martin,84.66391397499139,1.1714285714285715,6.236951242769485,0.06101190476190476,0.116281512605042,11.930616524284146,11.149535487762517,307.44459673349644,34.96984804367328,0.14285714285714285,98.65036777376444
Anthony Beauvillier,153.77386428560138,3.291064757418435,20.759011984364093,2.1319687673365295,0.0,13.957636578919832,59.40844543504951,90.72956030233027,34.3596950201019,1.4761904761904763,13.24764900664744
Mark Giordano,195.9131220589205,12.682282813328115,13.788822119749078,2.9564952160978306,2.8753418195565073,37.10924849338342,0.0,79.03923850995581,145.5113822938806,14.35483870967742,69.57433710825198
Cal Clutterbuck,118.66490777647952,0.2610917137232927,9.676589579761892,1.4499378031461665,1.4209041783663268,12.617896815301286,10.676834140028083,263.89645572691717,45.126741543648535,-1.2,54.49372256542407
Dion Phaneuf,151.51060549644416,7.977775372190273,6.729547307058087,3.577153100284034,0.30503305149358556,19.73781692652809,0.0,162.89684323975817,120.08476803713165,-11.90625,78.50556366522927
David Krejci,144.34280603929145,9.604204902453674,19.299850204596293,5.9246739891397935,0.45696349398033975,42.298485763904644,568.3740369303615,43.18811467084745,37.99484527878803,8.580645161290322,23.697037424620273
Jack Johnson,104.41762801683177,3.559733100709009,3.8159469535133073,1.4477365529529675,0.7096774193548387,13.935454914752588,0.13949433304272013,150.3914792037189,135.92232247214895,-6.548387096774194,46.13235869703816
Sam Gagner,175.6376028786285,5.914624420585335,14.437144957154942,3.741038680785999,0.19488098722075894,23.9058363628686,246.2282950735451,49.53353639778168,25.103169778857378,-11.033333333333333,37.60088788108759
Evander Kane,302.56804304551366,5.730469396247283,29.957721430434248,4.177407464613922,2.7026333812048096,26.354694552933303,93.5905847538553,183.15276946043826,32.39613251714524,-6.107142857142857,119.31592291807556
Jeff Carter,242.25640651231433,8.545626246872622,28.668119345651892,10.892100149644717,2.2945851958523504,25.892371412863863,599.0810802648384,72.53299766358978,32.864260212451,-2.6875,31.704910403488057
Casey Cizikas,104.96323031507616,0.20801851162020654,13.895764184252402,0.03942307692307692,2.076114895378594,14.552463065917907,548.096981376046,154.99278474601783,68.54986081415295,3.8461538461538463,34.21986052782576
Ondrej Palat,144.87632080559823,7.432141400694089,14.232438209023154,3.892108516811742,0.9938659384422824,34.16430281618024,6.264208920748705,129.9758566763384,55.50146883996131,11.44,18.387426773624625
Marcus Johansson,135.04931576562893,8.019713953598481,16.314078341798304,3.258795499941839,0.13333964825865935,26.4032828813174,82.83534548600399,35.83506859153595,28.051044956088756,-9.185185185185185,21.500976435764922
Rasmus Dahlin,185.85000000000002,15.75,9.450000000000001,5.25,0.0,36.75,0.0,101.85,69.30000000000001,-13.65,35.7
Jared McCann,161.44180223750732,1.192274492124567,14.627101813141145,1.0800022654242603,2.4595502536679006,19.31745203087473,262.6603960463208,66.39396663247973,43.708246658242246,4.2272727272727275,33.50006691430097
Aleksander Barkov,224.78010126537012,14.050670451400103,30.16239887204779,8.547236813842884,2.6826492775859863,52.78955246316164,930.1084685490346,31.748404520970592,61.48533281220648,3.5,11.765105458793247
Travis Zajac,132.15895330814683,6.808129212161471,16.895478889027277,4.1584782939621645,2.026794190503868,24.92702460525041,748.2224806603839,69.28931615947745,37.71218465008788,-9.806451612903226,26.98740849144075
Dustin Byfuglien,230.93079243328046,20.42026549211438,11.679215687790707,3.8728969560349307,0.5746743552676523,41.04044859892705,0.09780844155844157,160.0944525468797,90.76424523279499,5.09375,119.59574282654803
Vincent Trocheck,247.71388357256777,12.866726475279107,22.543524720893142,7.7826275917065395,2.545334928229665,37.33036283891548,768.5113118022327,155.46277511961722,56.153277511961726,-7.5,62.48019138755981
Phil Kessel,250.80226574500765,21.867165898617507,30.108602150537635,10.489170506912442,0.03225806451612903,48.940399385560674,13.156643625192014,11.857757296466975,17.879454685099848,-9.451612903225806,28.875806451612906
Brandon Carlo,106.14814814814815,0.0,1.3703703703703705,0.0,1.6460595934280147,7.897521581732108,1.0561125034809247,122.54163185742131,96.35895293790033,15.666666666666666,51.419242550821494
Nathan MacKinnon,325.58561686686687,21.1665259009009,38.500680367867865,11.449539383133132,0.5924987487487487,56.864927427427425,514.1746316629129,49.23182166541541,30.903172703953953,12.708333333333334,44.07498905155155
Cody Ceci,143.199549049322,2.8059483111803787,6.277457784429856,0.04218106995884773,0.08649789029535865,17.076743388240274,0.043248945147679324,138.20346420073164,157.79499513578278,-20.875,16.22506660970796
Samuel Girard,110.43698630136984,11.801712328767124,4.458904109589041,0.5897260273972603,0.0,23.279794520547945,0.525,61.25239726027397,87.94109589041095,-1.5750000000000002,7.867808219178083
John Carlson,199.77866032776748,23.800666099773245,12.756841372912799,3.2176870748299313,0.20011337868480725,48.589337250051535,0.06101190476190476,59.17125979179551,159.6416138425067,9.607142857142858,31.31989538239538
Zach Werenski,194.38364809793381,10.591297591297593,13.902557759700617,2.673960959675245,0.0,28.165834165834166,0.0,63.369757226900084,93.54074496931639,-1.0952380952380953,17.386074243217102
Ryan Suter,144.32251762944435,16.09715734223043,6.459350773970722,2.127095486507441,1.3070354223835237,39.998362872194484,0.34375,70.90855573421831,115.19246145641779,0.65625,43.18061809958824
Jake Gardiner,116.41602370407595,10.24239299661819,4.9230182387369,0.6223580006491398,0.07934518013631937,37.722025394980676,0.0798442064264849,70.9847653149899,92.50856982441813,10.038461538461538,30.582790385400635
Andrei Svechnikov,198.45,5.25,21.0,0.0,0.0,17.85,1.05,129.15,27.3,0.0,65.10000000000001
Antoine Roussel,102.69066021413053,0.328,9.665745332969077,0.0,0.12198765432098764,19.657444639581627,22.876519351103827,116.38009665795056,55.18084066398678,2.16,149.16790850668016
Valtteri Filppula,94.11777477009186,2.7104636079774824,15.158118869659711,1.8542446353263393,1.1471535530746058,22.093949844957436,448.08131150581903,23.339563624149363,38.52297791274159,4.59375,22.827865770739056
Joe Pavelski,225.85410874300507,13.03169294087372,31.01608785542012,10.090385834782191,0.8879386407752642,35.28946898008515,525.663581122448,81.40756798364727,67.72668753651742,2.3225806451612905,31.925447302961558
Hampus Lindholm,142.06019087304128,5.794745571140021,10.44170032706932,2.2014730787900123,0.4922697368421053,22.530866189175683,0.10353535353535355,95.392383636577,123.64555937721698,7.666666666666667,43.167052722258674
Dan Hamhuis,85.00685432840389,2.6506602555195036,2.8448716865098445,0.469063584711126,0.4218372793379527,17.757008550228882,0.0,76.22623374575727,93.3800619667606,-0.18181818181818182,41.956297934768635
Kyle Turris,155.3834732216765,9.477555344433748,15.060762609038472,5.734718351823615,0.18753781004234726,29.55414178984959,494.3514325108245,32.03833592300017,32.96123257665907,4.655172413793103,39.0473950731664
Tyler Johnson,175.01209088817782,8.119850053328314,24.90163519250476,3.011322821032966,1.4598765432098764,25.13074610842727,354.8890181316268,53.51054353054353,38.73946560149459,9.52,26.540238827195346
Cody McLeod,67.52663629913121,0.056944444444444436,4.080255008212784,0.11032863849765258,0.1087679228524299,3.779682180209116,0.9476009895614996,220.3721764263783,27.04177347855174,-9.166666666666666,169.1577824507205
Nick Leddy,129.98471184240105,10.053421861929644,7.281140228134324,2.0571119552601034,0.0389363722697056,27.077653296386526,0.0,81.95308856071068,93.35778287784461,-14.962962962962964,17.829203961383243
Michael Frolik,185.88213996252787,1.1322867999310238,15.704828196663094,0.485355874570919,2.1413197806875965,20.76771079658738,26.41008928908227,62.51368605673039,36.68763408051929,2.7241379310344827,30.733369592077576
Brooks Orpik,59.803155297379774,0.20068659356407725,1.5218711203713717,0.03052866716306776,0.3034277455630182,11.698701679156924,0.03828197945845004,201.70122755999955,132.6455096528835,2.0588235294117645,65.77142292137712
Jonathan Toews,228.12365278878693,12.122215583166199,29.591697404906018,6.266069899065496,1.464619914381391,40.55250087929279,982.8014139695163,43.1594789284672,32.44836341721897,6.8,45.60359134748276
Colton Parayko,194.79940047450594,5.510271491284149,7.995052493997641,3.098332125758286,0.5119248035914703,24.127004929747542,0.0,122.20959418375031,148.37851617440225,7.5,15.73846943414454
Marc Staal,85.46019313016423,0.6015559319907146,2.949853983793169,0.36953332496810753,0.41317089110567373,11.211936702639784,0.10762746512746514,104.41982076908191,113.39820151286168,1.9666666666666666,32.402675855708324
Bobby Ryan,174.01304281110555,7.010798929565779,18.869763247515994,5.1846719024602,0.10000000000000002,28.98675538690441,15.689514227619844,109.69161264579822,50.07195402143294,-12.333333333333334,32.70398599621611
Matthew Tkachuk,216.28663570691435,10.878630399528232,31.04467049977886,11.265479876160992,0.0,37.14208314904909,7.359206840630988,100.03987910953856,16.663238979802447,6.857142857142857,70.68465280849183
Michael Rasmussen,102.76451612903227,0.0,11.10967741935484,5.55483870967742,0.0,13.88709677419355,31.940322580645162,116.65161290322581,38.883870967741935,-8.4,40.27258064516129
Patric Hornqvist,260.78481219083994,7.431563280829843,26.11028545253166,11.094798087893333,0.0,24.083053084788148,11.939353249162986,151.46441872840347,52.49708041994754,2.3448275862068964,46.57923853874433
Marcus Foligno,90.47859010704195,1.4028425894495324,9.330189562034468,0.9272429697961613,0.6731943121948721,15.32480382036373,21.163727356120972,210.73759285267963,46.69799386581861,-0.2692307692307692,67.88432577387505
Kyle Brodziak,105.00506728700952,0.462770427996562,9.602799045881973,0.30613462552742615,1.825512945018325,13.017550527715386,452.45247785673774,80.4404099225896,49.7297827735807,-1.90625,37.578862097529665
Brett Pesce,110.04501166889494,0.3069828722002635,5.601359728220954,0.05401844532279315,1.021170610211706,21.87410504920928,0.510585305105853,63.95779830651779,136.01356257401525,13.909090909090908,24.34911167847439
Travis Sanheim,126.78214285714284,1.575,6.482142857142858,1.05,0.0,20.67857142857143,0.0,47.346428571428575,100.57500000000002,-5.25,29.121428571428574
Brandon Saad,211.21339293371068,1.3080031729697281,20.505391904639396,2.835059171597633,1.3725559557499358,21.418017322699598,36.57087728325187,41.105908584169455,28.498038332904557,-4.6923076923076925,13.082111311208301
Taylor Hall,284.2861060117491,22.13805894815874,32.862423919645444,8.305011635185247,0.4401039636127355,56.38857055326402,62.69766258865139,66.62364126679799,55.98321087061363,1.6296296296296295,41.016447437802945
Luke Glendening,103.10328576240413,0.04617117117117117,10.864175761669722,0.5368357487922706,2.799609810479376,11.328105322368609,564.261423921599,179.2645973998631,96.99610862322216,-5.375,20.888095456634108
Chris Tierney,114.6848452606741,6.3893694840779425,12.656251928740762,1.4769544099013197,1.8733902036323609,29.53100595059485,492.71964133598976,28.732253925861457,48.46375147721989,-10.130434782608695,16.58961872518314
James van Riemsdyk,230.81500296609792,7.223527367335508,32.35017731622383,9.46670401590944,0.18214285714285713,23.505808993977595,6.805693144065237,54.29689605219644,22.96654367022584,-4.464285714285714,29.67426085972597
Jonathan Huberdeau,208.41278376049132,15.930816736169964,26.728499974615648,7.921790064220862,0.0431578947368421,48.66015669933617,14.99771687038001,51.94032061686163,40.48245173468584,-6.2,36.59783544334944
Josh Manson,109.94828016276271,0.0,5.033386570894225,0.0,1.0143948296122207,21.038654961496356,0.0,192.27195369632602,97.33536057709358,12.434782608695652,68.72945782804938
Timo Meier,236.1490978157645,2.484511373400262,25.486309623564527,4.449871116537783,0.5006105006105005,25.597556401477974,40.349097283737805,107.52786356707925,43.737979522293244,5.285714285714286,53.267574836202286
Andre Burakovsky,116.631172447108,1.688197079617924,15.310133384650086,1.9883490257637526,0.0,17.47824898493391,20.599842609517015,46.76119190442826,33.843509633270784,3.4347826086956523,25.751072554427363
Nikita Kucherov,256.948424042174,27.7182294057294,38.7172784985285,11.131375943875943,0.0,68.06853478728479,1.3469551282051282,39.358672014922014,23.903828435078434,18.875,49.31804513054513
Loui Eriksson,148.6867466931641,4.8358925675348745,16.75648891365601,2.403982111919949,1.6529162522451297,23.725327207591707,5.3705187927110805,12.074049889749089,36.037118296105305,-1.935483870967742,14.997082127680402
P.K. Subban,208.80890268565338,16.985666994070353,13.045503386539801,4.374414075394467,0.9025229620467715,38.76847826672756,0.35714285714285715,94.81459149316292,99.06492967557394,9.178571428571429,83.81667936534882
Alex Steen,181.3077929093745,8.706211575323989,17.129386658506853,4.120788624008495,1.5542481073514085,29.20341105928684,56.57512369769489,54.906644993998185,53.794874931787,-1.4375,27.658534686934022
Markus Nutivaara,102.79605776736923,0.6401249024199844,7.039676625742199,0.6401249024199844,0.0,18.347337544058853,0.0,68.06273507912853,57.627001868805145,7.9523809523809526,12.245298417429565
Devin Shore,102.59409888357257,5.7894736842105265,10.495215311004785,1.9354066985645932,1.8899521531100474,19.772727272727273,92.22248803827752,82.85805422647528,60.52392344497608,-19.181818181818183,13.375598086124402
Tobias Rieder,125.54594294414213,2.059487401343339,7.450408769973988,1.0902452619843923,0.2811594202898551,13.993680149974765,13.378911740073322,90.10398758714787,47.548782287004215,-10.782608695652174,8.394861534024415
Cam Fowler,133.85052685769472,9.853235590535025,8.030676425904751,1.897331228098377,1.61656835542492,27.454911425925555,0.49032614704256494,37.71513301233818,125.69572268909832,-5.518518518518518,27.867905096819232
Matthew Nieto,107.03255265929579,0.34865916628976334,10.866633577699542,0.09922138047138046,2.2706275696864333,17.559931284205174,7.024646635940668,44.659407177498665,47.520612759043225,1.8333333333333333,13.485381284568613
David Pastrnak,261.1121726325863,15.108043360324022,39.184273020430034,15.465681388554735,0.0,46.59100202514414,3.196693589963911,63.31138414052681,30.40517695581412,8.08695652173913,37.007253183452455
Wayne Simmonds,179.38424179134424,5.5170193618614976,22.667859910969177,8.847961885208356,0.4804597701149425,20.326813846493756,7.625080678222683,143.62442686668135,42.1485414643286,-12.068965517241379,90.86261005843504
Jesper Bratt,134.99038155802864,10.56287758346582,14.315779014308426,3.1711446740858507,1.1635135135135135,33.90158982511924,7.448767885532592,55.98553259141495,31.36923688394277,-12.600000000000001,15.536327503974563
Keith Yandle,185.23343840618543,21.910198628849763,8.362225261284266,3.6874309804159116,0.7096774193548387,44.798302836578706,0.0,34.90146643803808,83.37833449045492,-4.451612903225806,46.82840624752461
Tyler Toffoli,229.66205513784462,4.009215943083515,19.15648616164066,4.678630878270946,0.35101086048454466,22.62260295901043,13.582565014687255,59.25049138976473,18.194216616810845,0.8,20.3272711887245
Blake Wheeler,231.69906626035316,25.35966772825495,22.316953888269175,3.945530821087346,2.326683587413982,59.72757906677227,74.86431285060706,93.05291465261274,56.85775915956696,7.448275862068965,55.57020830302148
Sean Monahan,216.7266790294568,10.920698946810058,33.77994973606085,10.598893851116074,0.12602880658436214,40.92659253270365,654.3258369052813,38.507083065971955,23.783668583113027,3.375,18.80070121403455
Ryan Johansen,146.49909695679344,14.693859088200671,15.685043380953072,1.3904380240956855,1.702288218111003,42.90371899024838,773.1812059468964,93.80718674155997,30.225548983417866,7.5,57.67763028818905
Michael Del Zotto,113.30696137556697,4.368838152390359,5.024080031589674,0.39855097728848743,0.28094667956115255,18.671454643183818,0.0,227.8193870230672,117.72830089899489,-4.5,32.50540856754748
Nino Niederreiter,170.51008266424935,4.5428944512277845,21.48694515361182,6.510992402659069,0.03942307692307692,22.38192070275404,22.51440442273775,100.69466074049407,22.51481728148395,4.230769230769231,39.29209370876037
Erik Karlsson,246.60247057870973,22.03806702201662,10.524466551922828,3.581254273952338,0.6998581660577162,58.80120669071648,0.5525606469002695,68.70335319475286,118.2983270852925,-7.178571428571429,38.66227173840623
Jared Spurgeon,143.0303013776647,9.308104906702587,11.889050836857605,3.9538510608375197,0.5286575023417128,30.303135239572264,0.37037037037037035,82.63664629342897,150.26021344093436,-0.4444444444444444,14.42958608712307
Kevin Shattenkirk,168.2533339735108,13.951147012791214,7.059487145699913,3.2132225295307384,0.11716963877457703,32.71127356270243,0.037494284407864654,80.16072195383789,114.65023572769036,-10.11111111111111,50.58455903776291
Andrew Shaw,160.00427907549803,3.717220910150059,19.819755878003058,5.330089482800835,0.0,24.31828842665159,259.6786637517113,149.63448281465207,41.37005648117538,4.384615384615385,88.64004417342382
Kyle Okposo,175.5466594887546,10.371981499713646,17.151615959797383,6.535890230450008,0.3799216524216524,27.219074019872153,52.99631440060785,78.13095234839494,33.649918979217496,-16.566666666666666,43.952884240114805
Erik Johnson,181.37603158285688,4.036797939485103,9.179283347500359,0.8949472318137865,0.7058696705601895,21.096529799851467,0.0,134.9326910927664,155.99223540195618,2.103448275862069,55.19428319773218
Jordan Martinook,126.1848157210476,0.09031655408467003,10.068092937658154,0.046301524562394135,1.1018675366501454,10.063277704582053,104.91987682205074,153.70396511700858,44.28672159831581,-10.869565217391305,38.97283392935567
Elias Pettersson,174.62535211267607,14.552112676056339,33.95492957746479,12.126760563380284,0.0,46.081690140845076,311.65774647887326,50.93239436619719,61.84647887323945,3.1500000000000004,14.552112676056339
Mattias Janmark,121.95562642442398,1.017628631022847,12.854082610551409,1.9282774838330392,1.4996980019811068,17.139217060069413,44.075668623613836,20.94294250763048,42.09918420268496,-7.523809523809524,23.99516803169771
Troy Brouwer,100.59073287937375,3.6641067202141824,12.198355367753361,2.16553957516702,0.9975287720389485,15.593983768503266,68.34515066779673,169.90285897891263,40.33142613889322,-4.709677419354839,53.63093968791401
Corey Perry,200.07379956632795,8.59634677421428,23.07794823250332,6.438079881220659,0.3410511363636364,27.481579986319815,3.234812087784188,66.34497873670506,34.36595372381467,-3.25,83.58347346009477
Dominik Kahun,143.85,1.05,13.65,1.05,0.0,25.2,23.1,13.65,28.35,10.5,6.3
John Klingberg,192.8497073578595,19.98725356451329,10.700712902657983,3.6018900721703933,0.0,50.59615604647069,0.04456521739130435,49.424859179721885,102.91279924309099,8.217391304347826,22.666854427037492
Tyson Barrie,206.31799609716748,22.320437033361245,14.288757308256743,4.593725384364524,0.08086785009861934,44.847984232274385,0.0,52.33173927495194,92.7129391127553,-8.5,29.77659021708795
Lee Stempniak,92.7963574746946,2.166586098923729,9.07136561055733,2.1750747691475554,0.49104672167978236,13.41479601058497,4.8836143643111285,85.30965858298967,15.736652607955813,-3.5,13.98487298182786
Derick Brassard,169.75497853896118,4.709834448338672,19.28720548086894,4.478569567022165,0.0,22.731359027066087,453.8181015965882,113.64271216111482,20.24737558585826,-6.466666666666667,41.322554864331195
Brayden Point,204.74520441087827,10.673208523915896,36.53692869552884,12.553540403503172,2.380952380952381,42.66173811296671,493.91380349608204,29.942931603020952,50.17673651739177,21.61904761904762,26.072155444456268
Bo Horvat,205.28142070032524,7.10973564143854,26.252103659499223,8.920088566827697,2.001872770041994,30.11915869407344,956.6781756180732,55.93242832559755,50.119354062075715,-4.130434782608695,22.728367433930096
Mathieu Joseph,116.85000000000001,0.0,15.99,0.0,2.46,15.99,12.299999999999999,158.67000000000002,17.220000000000002,5.25,31.98
Morgan Rielly,200.11862447743746,19.571586987933216,12.106494462098082,1.9168356001198668,0.04166666666666667,46.47146396877532,0.0,60.10715869879333,104.39181434899612,5.583333333333333,15.390117411531532
Dougie Hamilton,249.07847883597879,6.142671957671958,16.211201499118168,3.9674559082892418,0.04049382716049383,25.177597001763672,0.4,116.25133818342151,84.15425705467372,1.24,56.64271604938271
Jake Muzzin,158.23683251709565,7.392498571445939,8.724554412712308,2.709066455119087,0.9003857095962359,30.483025793552105,0.0,180.01406365880052,125.62409647409648,12.076923076923077,45.58026194210405
Duncan Keith,166.30128197298296,7.853730563476322,5.498120002831741,1.4960666268065892,0.9476572841183339,34.2812684592712,0.0,37.861261931009814,134.50168560357795,0.375,47.72753894135085
Dan Girardi,102.85491661345065,1.1520938306235173,5.353188416499582,0.7648934299471933,1.2281579314888165,15.942336375322558,0.0,171.3855330850667,158.2598469571867,9.483870967741936,24.29574488971202
Kyle Clifford,123.67870334286155,0.0,9.962883073621073,0.4218106995884774,0.0,8.763383768692279,2.8717753546849036,175.41568744525003,18.734103361867316,-0.2222222222222222,96.7004039486299
Joonas Donskoi,137.48316178095965,3.6192951556509487,15.33515403465988,1.2388794011176159,0.0,22.779406049672343,3.87650932812318,35.755510830320624,36.49115676333497,9.045454545454545,20.9341760613429
Brad Marchand,216.67432988165086,16.094465341251272,35.67789598987193,8.350929748931048,5.495494088910068,53.08969108720346,41.52536167743701,54.23299302373928,26.14650279746284,19.857142857142858,84.98498839045642
Adam Larsson,109.71653617344646,0.1940828402366864,3.797540918253552,0.0,0.6194341715976331,14.784935860985641,0.0,251.7480693624103,149.42242887689576,-5.615384615384615,44.22547337715911
Will Butcher,106.37806267806268,17.804629629629627,4.865099715099715,2.1463675213675213,0.0,35.077777777777776,0.0,32.134188034188035,73.79415954415956,-8.4,14.186467236467237
Jordan Staal,179.05047184141512,5.730204408021347,19.251169032599297,2.5775061775190222,1.8448366638462004,27.93683986441286,789.6051771918185,172.60166327441664,32.15369902328889,1.8064516129032258,37.11498238331955
Jacob Trouba,184.68535425479868,8.816762352873464,6.799201415868083,1.4164529914529913,2.0650828081383636,34.38896119312786,0.0,121.10792217042217,160.80285979452646,7.916666666666667,55.656310253532475
Matt Cullen,128.29503696673277,3.8351167705269007,12.180695905950659,1.5969971751355732,2.16405440494338,19.887981665211584,318.94976044908077,23.629638208118795,30.059926980270607,0.5384615384615384,25.608716316678933
Sam Bennett,141.23940677196444,2.1053594293030913,12.716094350713659,2.7583204786715707,0.0440150295222759,18.522585471350524,107.84659491620097,132.31198030912256,31.846817792521,-11.652173913043478,77.36578392916422
Nick Bjugstad,207.30705212639617,5.369329958395158,18.016555010698767,2.0983609729132118,0.0863157894736842,21.320363678682607,289.9909938743285,128.06822462646892,26.2650192617455,2.16,38.13646153866499
David Savard,127.21688482081366,0.9036893627464347,5.936003657426321,0.31069724320344666,0.5231235179953129,14.795661655711283,0.08351648351648351,134.74280367952827,124.53345559540764,9.038461538461538,35.98458405596536
